[
  {
    "model": "user.user",
    "pk": 1,
    "fields": { "password": "pbkdf2_sha256$600000$abcdef123456$abcdef123456abcdef123456abcdef123456abcdef123456", "last_login": "2025-05-20T10:00:00Z", "is_superuser": true, "first_name": "Admin", "last_name": "User", "email": "admin@example.com", "is_staff": true, "is_active": true, "date_joined": "2024-01-01T12:00:00Z", "groups": [], "user_permissions": [] }
  },
  {
    "model": "user.user",
    "pk": 2,
    "fields": { "password": "pbkdf2_sha256$600000$abcdef123456$abcdef123456abcdef123456abcdef123456abcdef123456", "last_login": null, "is_superuser": false, "first_name": "John", "last_name": "Doe", "email": "john.doe@example.com", "is_staff": false, "is_active": true, "date_joined": "2024-02-15T09:30:00Z", "groups": [], "user_permissions": [] }
  },
  {
    "model": "user.user",
    "pk": 3,
    "fields": { "password": "pbkdf2_sha256$600000$abcdef123456$abcdef123456abcdef123456abcdef123456abcdef123456", "last_login": null, "is_superuser": false, "first_name": "Alice", "last_name": "Smith", "email": "alice.smith@example.com", "is_staff": false, "is_active": true, "date_joined": "2024-03-10T14:45:00Z", "groups": [], "user_permissions": [] }
  },
  {
    "model": "user.user",
    "pk": 4,
    "fields": { "password": "pbkdf2_sha256$600000$abcdef123456$abcdef123456abcdef123456abcdef123456abcdef123456", "last_login": null, "is_superuser": false, "first_name": "Bob", "last_name": "Williams", "email": "bob.w@example.com", "is_staff": false, "is_active": true, "date_joined": "2024-04-11T11:00:00Z", "groups": [], "user_permissions": [] }
  },
  {
    "model": "user.user",
    "pk": 5,
    "fields": { "password": "pbkdf2_sha256$600000$abcdef123456$abcdef123456abcdef123456abcdef123456abcdef123456", "last_login": null, "is_superuser": false, "first_name": "Charlie", "last_name": "Brown", "email": "charlie.b@example.com", "is_staff": false, "is_active": true, "date_joined": "2024-05-12T12:00:00Z", "groups": [], "user_permissions": [] }
  },
  {
    "model": "user.user",
    "pk": 6,
    "fields": { "password": "pbkdf2_sha256$600000$abcdef123456$abcdef123456abcdef123456abcdef123456abcdef123456", "last_login": null, "is_superuser": false, "first_name": "Diana", "last_name": "King", "email": "diana.k@example.com", "is_staff": false, "is_active": true, "date_joined": "2024-06-13T13:00:00Z", "groups": [], "user_permissions": [] }
  },
  {
    "model": "user.user",
    "pk": 7,
    "fields": { "password": "pbkdf2_sha256$600000$abcdef123456$abcdef123456abcdef123456abcdef123456abcdef123456", "last_login": null, "is_superuser": false, "first_name": "Eva", "last_name": "Frank", "email": "eva.f@example.com", "is_staff": false, "is_active": true, "date_joined": "2024-07-14T14:00:00Z", "groups": [], "user_permissions": [] }
  },
  {
    "model": "user.user",
    "pk": 8,
    "fields": { "password": "pbkdf2_sha256$600000$abcdef123456$abcdef123456abcdef123456abcdef123456abcdef123456", "last_login": null, "is_superuser": false, "first_name": "George", "last_name": "Hill", "email": "george.h@example.com", "is_staff": false, "is_active": true, "date_joined": "2024-08-15T15:00:00Z", "groups": [], "user_permissions": [] }
  },
  {
    "model": "user.user",
    "pk": 9,
    "fields": { "password": "pbkdf2_sha256$600000$abcdef123456$abcdef123456abcdef123456abcdef123456abcdef123456", "last_login": null, "is_superuser": false, "first_name": "Helen", "last_name": "Ivanova", "email": "helen.i@example.com", "is_staff": false, "is_active": true, "date_joined": "2024-09-16T16:00:00Z", "groups": [], "user_permissions": [] }
  },
  {
    "model": "user.user",
    "pk": 10,
    "fields": { "password": "pbkdf2_sha256$600000$abcdef123456$abcdef123456abcdef123456abcdef123456abcdef123456", "last_login": null, "is_superuser": false, "first_name": "Ivan", "last_name": "Jones", "email": "ivan.j@example.com", "is_staff": false, "is_active": true, "date_joined": "2024-10-17T17:00:00Z", "groups": [], "user_permissions": [] }
  },
  { "model": "airport.airplanetype", "pk": 1, "fields": { "name": "Boeing 737" } },
  { "model": "airport.airplanetype", "pk": 2, "fields": { "name": "Airbus A320" } },
  { "model": "airport.airplanetype", "pk": 3, "fields": { "name": "Boeing 777" } },
  { "model": "airport.airplanetype", "pk": 4, "fields": { "name": "Embraer E190" } },
  { "model": "airport.airplanetype", "pk": 5, "fields": { "name": "Airbus A380" } },
  { "model": "airport.airplanetype", "pk": 6, "fields": { "name": "Boeing 787 Dreamliner" } },
  { "model": "airport.airplane", "pk": 1, "fields": { "name": "Sky Explorer", "rows": 30, "letters_in_row": "ABCDEF", "airplane_type": 1 } },
  { "model": "airport.airplane", "pk": 2, "fields": { "name": "Cloud Surfer", "rows": 32, "letters_in_row": "ABCDEF", "airplane_type": 2 } },
  { "model": "airport.airplane", "pk": 3, "fields": { "name": "Global Voyager", "rows": 45, "letters_in_row": "ABC HJK", "airplane_type": 3 } },
  { "model": "airport.airplane", "pk": 4, "fields": { "name": "City Hopper", "rows": 25, "letters_in_row": "ABCD", "airplane_type": 4 } },
  { "model": "airport.airplane", "pk": 5, "fields": { "name": "Star Streaker", "rows": 31, "letters_in_row": "ABCDEF", "airplane_type": 1 } },
  { "model": "airport.airplane", "pk": 6, "fields": { "name": "Euro Link", "rows": 33, "letters_in_row": "ABCDEF", "airplane_type": 2 } },
  { "model": "airport.airplane", "pk": 7, "fields": { "name": "Oceanic Giant", "rows": 55, "letters_in_row": "ABC DEFG HJK", "airplane_type": 5 } },
  { "model": "airport.airplane", "pk": 8, "fields": { "name": "Dream Chaser", "rows": 40, "letters_in_row": "ABC HJK", "airplane_type": 6 } },
  { "model": "airport.airplane", "pk": 9, "fields": { "name": "Regional Jet", "rows": 24, "letters_in_row": "ABCD", "airplane_type": 4 } },
  { "model": "airport.airplane", "pk": 10, "fields": { "name": "Transcontinental", "rows": 48, "letters_in_row": "ABC HJK", "airplane_type": 3 } },
  { "model": "airport.airplane", "pk": 11, "fields": { "name": "Nimbus 2000", "rows": 30, "letters_in_row": "ABCDEF", "airplane_type": 1 } },
  { "model": "airport.airplane", "pk": 12, "fields": { "name": "Airbus Alpha", "rows": 34, "letters_in_row": "ABCDEF", "airplane_type": 2 } },
  { "model": "airport.airplane", "pk": 13, "fields": { "name": "Boeing Beta", "rows": 46, "letters_in_row": "ABC HJK", "airplane_type": 3 } },
  { "model": "airport.airplane", "pk": 14, "fields": { "name": "Embraer Gamma", "rows": 26, "letters_in_row": "ABCD", "airplane_type": 4 } },
  { "model": "airport.airplane", "pk": 15, "fields": { "name": "A380 Whale", "rows": 58, "letters_in_row": "ABC DEFG HJK", "airplane_type": 5 } },
  { "model": "airport.airport", "pk": 1, "fields": { "name": "JFK International Airport", "closest_big_city": "New York City" } },
  { "model": "airport.airport", "pk": 2, "fields": { "name": "Heathrow Airport", "closest_big_city": "London" } },
  { "model": "airport.airport", "pk": 3, "fields": { "name": "Charles de Gaulle Airport", "closest_big_city": "Paris" } },
  { "model": "airport.airport", "pk": 4, "fields": { "name": "Frankfurt Airport", "closest_big_city": "Frankfurt" } },
  { "model": "airport.airport", "pk": 5, "fields": { "name": "Narita International Airport", "closest_big_city": "Tokyo" } },
  { "model": "airport.airport", "pk": 6, "fields": { "name": "Dubai International Airport", "closest_big_city": "Dubai" } },
  { "model": "airport.airport", "pk": 7, "fields": { "name": "Los Angeles International Airport", "closest_big_city": "Los Angeles" } },
  { "model": "airport.airport", "pk": 8, "fields": { "name": "Boryspil International Airport", "closest_big_city": "Kyiv" } },
  { "model": "airport.airport", "pk": 9, "fields": { "name": "Warsaw Chopin Airport", "closest_big_city": "Warsaw" } },
  { "model": "airport.airport", "pk": 10, "fields": { "name": "Adolfo Suárez Madrid–Barajas Airport", "closest_big_city": "Madrid" } },
  { "model": "airport.airport", "pk": 11, "fields": { "name": "Amsterdam Airport Schiphol", "closest_big_city": "Amsterdam" } },
  { "model": "airport.airport", "pk": 12, "fields": { "name": "Leonardo da Vinci–Fiumicino Airport", "closest_big_city": "Rome" } },
  { "model": "airport.airport", "pk": 13, "fields": { "name": "Istanbul Airport", "closest_big_city": "Istanbul" } },
  { "model": "airport.airport", "pk": 14, "fields": { "name": "Indira Gandhi International Airport", "closest_big_city": "Delhi" } },
  { "model": "airport.airport", "pk": 15, "fields": { "name": "Singapore Changi Airport", "closest_big_city": "Singapore" } },
  { "model": "airport.airport", "pk": 16, "fields": { "name": "Incheon International Airport", "closest_big_city": "Seoul" } },
  { "model": "airport.airport", "pk": 17, "fields": { "name": "Suvarnabhumi Airport", "closest_big_city": "Bangkok" } },
  { "model": "airport.airport", "pk": 18, "fields": { "name": "Hong Kong International Airport", "closest_big_city": "Hong Kong" } },
  { "model": "airport.airport", "pk": 19, "fields": { "name": "Hartsfield–Jackson Atlanta International Airport", "closest_big_city": "Atlanta" } },
  { "model": "airport.airport", "pk": 20, "fields": { "name": "O'Hare International Airport", "closest_big_city": "Chicago" } },
  { "model": "airport.airport", "pk": 21, "fields": { "name": "Toronto Pearson International Airport", "closest_big_city": "Toronto" } },
  { "model": "airport.airport", "pk": 22, "fields": { "name": "Mexico City International Airport", "closest_big_city": "Mexico City" } },
  { "model": "airport.airport", "pk": 23, "fields": { "name": "São Paulo/Guarulhos International Airport", "closest_big_city": "São Paulo" } },
  { "model": "airport.airport", "pk": 24, "fields": { "name": "El Dorado International Airport", "closest_big_city": "Bogotá" } },
  { "model": "airport.airport", "pk": 25, "fields": { "name": "Jorge Chávez International Airport", "closest_big_city": "Lima" } },
  { "model": "airport.airport", "pk": 26, "fields": { "name": "Ministro Pistarini International Airport", "closest_big_city": "Buenos Aires" } },
  { "model": "airport.airport", "pk": 27, "fields": { "name": "O. R. Tambo International Airport", "closest_big_city": "Johannesburg" } },
  { "model": "airport.airport", "pk": 28, "fields": { "name": "Cairo International Airport", "closest_big_city": "Cairo" } },
  { "model": "airport.airport", "pk": 29, "fields": { "name": "Cape Town International Airport", "closest_big_city": "Cape Town" } },
  { "model": "airport.airport", "pk": 30, "fields": { "name": "Jomo Kenyatta International Airport", "closest_big_city": "Nairobi" } },
  { "model": "airport.airport", "pk": 31, "fields": { "name": "Mohammed V International Airport", "closest_big_city": "Casablanca" } },
  { "model": "airport.airport", "pk": 32, "fields": { "name": "Sydney Kingsford Smith Airport", "closest_big_city": "Sydney" } },
  { "model": "airport.airport", "pk": 33, "fields": { "name": "Melbourne Airport", "closest_big_city": "Melbourne" } },
  { "model": "airport.airport", "pk": 34, "fields": { "name": "Auckland Airport", "closest_big_city": "Auckland" } },
  { "model": "airport.airport", "pk": 35, "fields": { "name": "Nadi International Airport", "closest_big_city": "Nadi" } },
  { "model": "airport.airport", "pk": 36, "fields": { "name": "Beijing Capital International Airport", "closest_big_city": "Beijing" } },
  { "model": "airport.airport", "pk": 37, "fields": { "name": "Munich Airport", "closest_big_city": "Munich" } },
  { "model": "airport.airport", "pk": 38, "fields": { "name": "Zurich Airport", "closest_big_city": "Zurich" } },
  { "model": "airport.airport", "pk": 39, "fields": { "name": "Vienna International Airport", "closest_big_city": "Vienna" } },
  { "model": "airport.airport", "pk": 40, "fields": { "name": "Lisbon Airport", "closest_big_city": "Lisbon" } },
  { "model": "airport.route", "pk": 1, "fields": { "source": 1, "destination": 2, "distance": 5567 } },
  { "model": "airport.route", "pk": 2, "fields": { "source": 2, "destination": 1, "distance": 5567 } },
  { "model": "airport.route", "pk": 3, "fields": { "source": 1, "destination": 3, "distance": 5837 } },
  { "model": "airport.route", "pk": 4, "fields": { "source": 3, "destination": 1, "distance": 5837 } },
  { "model": "airport.route", "pk": 5, "fields": { "source": 2, "destination": 4, "distance": 655 } },
  { "model": "airport.route", "pk": 6, "fields": { "source": 4, "destination": 2, "distance": 655 } },
  { "model": "airport.route", "pk": 7, "fields": { "source": 5, "destination": 7, "distance": 8810 } },
  { "model": "airport.route", "pk": 8, "fields": { "source": 7, "destination": 5, "distance": 8810 } },
  { "model": "airport.route", "pk": 9, "fields": { "source": 6, "destination": 2, "distance": 5480 } },
  { "model": "airport.route", "pk": 10, "fields": { "source": 8, "destination": 9, "distance": 690 } },
  { "model": "airport.route", "pk": 11, "fields": { "source": 9, "destination": 8, "distance": 690 } },
  { "model": "airport.route", "pk": 12, "fields": { "source": 4, "destination": 8, "distance": 1330 } },
  { "model": "airport.route", "pk": 13, "fields": { "source": 10, "destination": 12, "distance": 1445 } },
  { "model": "airport.route", "pk": 14, "fields": { "source": 12, "destination": 10, "distance": 1445 } },
  { "model": "airport.route", "pk": 15, "fields": { "source": 11, "destination": 13, "distance": 2200 } },
  { "model": "airport.route", "pk": 16, "fields": { "source": 13, "destination": 11, "distance": 2200 } },
  { "model": "airport.route", "pk": 17, "fields": { "source": 14, "destination": 15, "distance": 2900 } },
  { "model": "airport.route", "pk": 18, "fields": { "source": 15, "destination": 14, "distance": 2900 } },
  { "model": "airport.route", "pk": 19, "fields": { "source": 16, "destination": 18, "distance": 2700 } },
  { "model": "airport.route", "pk": 20, "fields": { "source": 18, "destination": 16, "distance": 2700 } },
  { "model": "airport.route", "pk": 21, "fields": { "source": 19, "destination": 20, "distance": 1150 } },
  { "model": "airport.route", "pk": 22, "fields": { "source": 20, "destination": 19, "distance": 1150 } },
  { "model": "airport.route", "pk": 23, "fields": { "source": 21, "destination": 7, "distance": 3950 } },
  { "model": "airport.route", "pk": 24, "fields": { "source": 7, "destination": 21, "distance": 3950 } },
  { "model": "airport.route", "pk": 25, "fields": { "source": 22, "destination": 1, "distance": 3360 } },
  { "model": "airport.route", "pk": 26, "fields": { "source": 1, "destination": 22, "distance": 3360 } },
  { "model": "airport.route", "pk": 27, "fields": { "source": 23, "destination": 26, "distance": 2250 } },
  { "model": "airport.route", "pk": 28, "fields": { "source": 26, "destination": 23, "distance": 2250 } },
  { "model": "airport.route", "pk": 29, "fields": { "source": 24, "destination": 25, "distance": 1900 } },
  { "model": "airport.route", "pk": 30, "fields": { "source": 25, "destination": 24, "distance": 1900 } },
  { "model": "airport.route", "pk": 31, "fields": { "source": 27, "destination": 29, "distance": 1270 } },
  { "model": "airport.route", "pk": 32, "fields": { "source": 29, "destination": 27, "distance": 1270 } },
  { "model": "airport.route", "pk": 33, "fields": { "source": 28, "destination": 13, "distance": 1320 } },
  { "model": "airport.route", "pk": 34, "fields": { "source": 13, "destination": 28, "distance": 1320 } },
  { "model": "airport.route", "pk": 35, "fields": { "source": 30, "destination": 31, "distance": 4500 } },
  { "model": "airport.route", "pk": 36, "fields": { "source": 31, "destination": 30, "distance": 4500 } },
  { "model": "airport.route", "pk": 37, "fields": { "source": 32, "destination": 34, "distance": 2120 } },
  { "model": "airport.route", "pk": 38, "fields": { "source": 34, "destination": 32, "distance": 2120 } },
  { "model": "airport.route", "pk": 39, "fields": { "source": 33, "destination": 15, "distance": 6050 } },
  { "model": "airport.route", "pk": 40, "fields": { "source": 15, "destination": 33, "distance": 6050 } },
  { "model": "airport.route", "pk": 41, "fields": { "source": 36, "destination": 5, "distance": 2100 } },
  { "model": "airport.route", "pk": 42, "fields": { "source": 5, "destination": 36, "distance": 2100 } },
  { "model": "airport.route", "pk": 43, "fields": { "source": 37, "destination": 38, "distance": 230 } },
  { "model": "airport.route", "pk": 44, "fields": { "source": 38, "destination": 37, "distance": 230 } },
  { "model": "airport.route", "pk": 45, "fields": { "source": 39, "destination": 40, "distance": 2250 } },
  { "model": "airport.route", "pk": 46, "fields": { "source": 40, "destination": 39, "distance": 2250 } },
  { "model": "airport.route", "pk": 47, "fields": { "source": 2, "destination": 6, "distance": 5480 } },
  { "model": "airport.route", "pk": 48, "fields": { "source": 6, "destination": 14, "distance": 2200 } },
  { "model": "airport.route", "pk": 49, "fields": { "source": 14, "destination": 17, "distance": 3300 } },
  { "model": "airport.route", "pk": 50, "fields": { "source": 17, "destination": 32, "distance": 7500 } },
  { "model": "airport.route", "pk": 51, "fields": { "source": 7, "destination": 23, "distance": 9700 } },
  { "model": "airport.route", "pk": 52, "fields": { "source": 23, "destination": 27, "distance": 7400 } },
  { "model": "airport.route", "pk": 53, "fields": { "source": 27, "destination": 2, "distance": 9000 } },
  { "model": "airport.route", "pk": 54, "fields": { "source": 3, "destination": 31, "distance": 2000 } },
  { "model": "airport.route", "pk": 55, "fields": { "source": 31, "destination": 24, "distance": 7000 } },
  { "model": "airport.route", "pk": 56, "fields": { "source": 9, "destination": 37, "distance": 1000 } },
  { "model": "airport.route", "pk": 57, "fields": { "source": 37, "destination": 13, "distance": 1500 } },
  { "model": "airport.route", "pk": 58, "fields": { "source": 16, "destination": 36, "distance": 850 } },
  { "model": "airport.route", "pk": 59, "fields": { "source": 36, "destination": 18, "distance": 2000 } },
  { "model": "airport.route", "pk": 60, "fields": { "source": 18, "destination": 33, "distance": 7300 } },
  { "model": "airport.route", "pk": 61, "fields": { "source": 34, "destination": 35, "distance": 2160 } },
  { "model": "airport.route", "pk": 62, "fields": { "source": 35, "destination": 7, "distance": 8800 } },
  { "model": "airport.route", "pk": 63, "fields": { "source": 20, "destination": 22, "distance": 2600 } },
  { "model": "airport.route", "pk": 64, "fields": { "source": 22, "destination": 25, "distance": 4200 } },
  { "model": "airport.route", "pk": 65, "fields": { "source": 25, "destination": 26, "distance": 3100 } },
  { "model": "airport.route", "pk": 66, "fields": { "source": 8, "destination": 4, "distance": 1330 } },
  { "model": "airport.route", "pk": 67, "fields": { "source": 4, "destination": 10, "distance": 1900 } },
  { "model": "airport.route", "pk": 68, "fields": { "source": 10, "destination": 40, "distance": 1870 } },
  { "model": "airport.route", "pk": 69, "fields": { "source": 40, "destination": 31, "distance": 630 } },
  { "model": "airport.route", "pk": 70, "fields": { "source": 31, "destination": 28, "distance": 3600 } },
  { "model": "airport.crew", "pk": 1, "fields": { "first_name": "James", "last_name": "Kirk", "position": "CAPTAIN" } },
  { "model": "airport.crew", "pk": 2, "fields": { "first_name": "William", "last_name": "Riker", "position": "FIRST_OFFICER" } },
  { "model": "airport.crew", "pk": 3, "fields": { "first_name": "Uhura", "last_name": "Nyota", "position": "LEAD_FLIGHT_ATTENDANT" } },
  { "model": "airport.crew", "pk": 4, "fields": { "first_name": "Beverly", "last_name": "Crusher", "position": "FLIGHT_ATTENDANT" } },
  { "model": "airport.crew", "pk": 5, "fields": { "first_name": "Deanna", "last_name": "Troi", "position": "FLIGHT_ATTENDANT" } },
  { "model": "airport.crew", "pk": 6, "fields": { "first_name": "Hikaru", "last_name": "Sulu", "position": "CAPTAIN" } },
  { "model": "airport.crew", "pk": 7, "fields": { "first_name": "Pavel", "last_name": "Chekov", "position": "FIRST_OFFICER" } },
  { "model": "airport.crew", "pk": 8, "fields": { "first_name": "Janice", "last_name": "Rand", "position": "LEAD_FLIGHT_ATTENDANT" } },
  { "model": "airport.crew", "pk": 9, "fields": { "first_name": "Christine", "last_name": "Chapel", "position": "FLIGHT_ATTENDANT" } },
  { "model": "airport.crew", "pk": 10, "fields": { "first_name": "Geordi", "last_name": "La Forge", "position": "FLIGHT_ATTENDANT" } },
  { "model": "airport.crew", "pk": 11, "fields": { "first_name": "Kathryn", "last_name": "Janeway", "position": "CAPTAIN" } },
  { "model": "airport.crew", "pk": 12, "fields": { "first_name": "Chakotay", "last_name": "Smith", "position": "FIRST_OFFICER" } },
  { "model": "airport.crew", "pk": 13, "fields": { "first_name": "Tuvok", "last_name": "Son", "position": "LEAD_FLIGHT_ATTENDANT" } },
  { "model": "airport.crew", "pk": 14, "fields": { "first_name": "B'Elanna", "last_name": "Torres", "position": "FLIGHT_ATTENDANT" } },
  { "model": "airport.crew", "pk": 15, "fields": { "first_name": "Tom", "last_name": "Paris", "position": "FLIGHT_ATTENDANT" } },
  { "model": "airport.crew", "pk": 16, "fields": { "first_name": "Harry", "last_name": "Kim", "position": "FLIGHT_ATTENDANT" } },
  { "model": "airport.crew", "pk": 17, "fields": { "first_name": "Seven", "last_name": "Of Nine", "position": "FLIGHT_ATTENDANT" } },
  { "model": "airport.crew", "pk": 18, "fields": { "first_name": "Neelix", "last_name": "Cook", "position": "FLIGHT_ATTENDANT" } },
  { "model": "airport.crew", "pk": 19, "fields": { "first_name": "Jean-Luc", "last_name": "Picard", "position": "CAPTAIN" } },
  { "model": "airport.crew", "pk": 20, "fields": { "first_name": "Data", "last_name": "Soong", "position": "FIRST_OFFICER" } },
  { "model": "airport.crew", "pk": 21, "fields": { "first_name": "Worf", "last_name": "Son of Mogh", "position": "LEAD_FLIGHT_ATTENDANT" } },
  { "model": "airport.crew", "pk": 22, "fields": { "first_name": "Tasha", "last_name": "Yar", "position": "FLIGHT_ATTENDANT" } },
  { "model": "airport.crew", "pk": 23, "fields": { "first_name": "Miles", "last_name": "O'Brien", "position": "FLIGHT_ATTENDANT" } },
  { "model": "airport.crew", "pk": 24, "fields": { "first_name": "Keiko", "last_name": "Ishikawa", "position": "FLIGHT_ATTENDANT" } },
  { "model": "airport.crew", "pk": 25, "fields": { "first_name": "Benjamin", "last_name": "Sisko", "position": "CAPTAIN" } },
  { "model": "airport.crew", "pk": 26, "fields": { "first_name": "Kira", "last_name": "Nerys", "position": "FIRST_OFFICER" } },
  { "model": "airport.crew", "pk": 27, "fields": { "first_name": "Odo", "last_name": "Changeling", "position": "LEAD_FLIGHT_ATTENDANT" } },
  { "model": "airport.crew", "pk": 28, "fields": { "first_name": "Jadzia", "last_name": "Dax", "position": "FLIGHT_ATTENDANT" } },
  { "model": "airport.crew", "pk": 29, "fields": { "first_name": "Quark", "last_name": "Ferengi", "position": "FLIGHT_ATTENDANT" } },
  { "model": "airport.crew", "pk": 30, "fields": { "first_name": "Julian", "last_name": "Bashir", "position": "FLIGHT_ATTENDANT" } },
  { "model": "airport.snacksanddrinks", "pk": 1, "fields": { "name": "Coca-Cola 0.5", "price": "2.00" } },
  { "model": "airport.snacksanddrinks", "pk": 2, "fields": { "name": "Fanta 0.5", "price": "2.00" } },
  { "model": "airport.snacksanddrinks", "pk": 3, "fields": { "name": "Juice 0.5", "price": "2.50" } },
  { "model": "airport.snacksanddrinks", "pk": 4, "fields": { "name": "Cup of coffee 0.33", "price": "3.00" } },
  { "model": "airport.snacksanddrinks", "pk": 5, "fields": { "name": "Red-Bull 0.25", "price": "3.50" } },
  { "model": "airport.snacksanddrinks", "pk": 6, "fields": { "name": "Water(PET), 0.5", "price": "1.50" } },
  { "model": "airport.snacksanddrinks", "pk": 7, "fields": { "name": "Chips (cheese), 300g", "price": "2.20" } },
  { "model": "airport.snacksanddrinks", "pk": 8, "fields": { "name": "Bounty (big-pack) 200g", "price": "2.50" } },
  { "model": "airport.snacksanddrinks", "pk": 9, "fields": { "name": "Mars (big-pack) 200 g", "price": "2.50" } },
  { "model": "airport.snacksanddrinks", "pk": 10, "fields": { "name": "Snickers (big-pack) 200g", "price": "2.50" } },
  { "model": "airport.snacksanddrinks", "pk": 11, "fields": { "name": "TUC Sour Cream 100g", "price": "3.00" } },
  { "model": "airport.snacksanddrinks", "pk": 12, "fields": { "name": "Pringles cheese 200g", "price": "3.50" } },
  { "model": "airport.snacksanddrinks", "pk": 13, "fields": { "name": "Bio-Salade 'Cesar'", "price": "4.00" } },
  { "model": "airport.mealoption", "pk": 1, "fields": { "name": "Chicken Curry", "meal_type": "1", "weight": 350, "price": "12.00" } },
  { "model": "airport.mealoption", "pk": 2, "fields": { "name": "Beef Steak", "meal_type": "1", "weight": 400, "price": "15.00" } },
  { "model": "airport.mealoption", "pk": 3, "fields": { "name": "Vegetable Lasagna", "meal_type": "2", "weight": 300, "price": "11.00" } },
  { "model": "airport.mealoption", "pk": 4, "fields": { "name": "Chicken Nuggets & Fries", "meal_type": "3", "weight": 250, "price": "8.00" } },
  { "model": "airport.mealoption", "pk": 5, "fields": { "name": "No Meal Included", "meal_type": "4", "weight": 0, "price": "0.00" } },
  { "model": "airport.mealoption", "pk": 6, "fields": { "name": "Fish and Potatoes", "meal_type": "1", "weight": 360, "price": "13.50" } },
  { "model": "airport.mealoption", "pk": 7, "fields": { "name": "Vegan Bowl", "meal_type": "2", "weight": 280, "price": "11.50" } },
  { "model": "airport.extraentertainmentandcomfort", "pk": 1, "fields": { "name": "Tablet with movies/games", "price": "9.99" } },
  { "model": "airport.extraentertainmentandcomfort", "pk": 2, "fields": { "name": "Wireless headphones", "price": "7.49" } },
  { "model": "airport.extraentertainmentandcomfort", "pk": 3, "fields": { "name": "Pillow and blanket", "price": "5.00" } },
  { "model": "airport.extraentertainmentandcomfort", "pk": 4, "fields": { "name": "Sleep mask and earplugs", "price": "3.50" } },
  { "model": "airport.extraentertainmentandcomfort", "pk": 5, "fields": { "name": "In-flight WI-FI access", "price": "12.00" } },
  { "model": "airport.discountcoupon", "pk": 1, "fields": { "name": "Summer Sale 2025", "valid_until": "2025-08-31T23:59:59Z", "code": "SUMMER10", "discount": 10, "is_active": true } },
  { "model": "airport.discountcoupon", "pk": 2, "fields": { "name": "Early Bird Fall", "valid_until": "2025-07-31T23:59:59Z", "code": "FALL5", "discount": 5, "is_active": true } },
  { "model": "airport.discountcoupon", "pk": 3, "fields": { "name": "New Year 2026", "valid_until": "2026-01-15T23:59:59Z", "code": "NY2026", "discount": 15, "is_active": true } },
  { "model": "airport.discountcoupon", "pk": 4, "fields": { "name": "Expired Deal", "valid_until": "2024-12-31T23:59:59Z", "code": "OLDDEAL", "discount": 20, "is_active": false } },
  { "model": "airport.flight", "pk": 1, "fields": { "route": 1, "airplane": 1, "departure_time": "2025-07-10T08:00:00Z", "arrival_time": "2025-07-10T15:30:00Z", "crew": [1, 2, 3, 4, 5], "price_economy": 350, "price_business": 700, "rows_economy_from": 11, "luggage_price_1_kg": 5.5 } },
  { "model": "airport.flight", "pk": 2, "fields": { "route": 2, "airplane": 2, "departure_time": "2025-07-11T10:00:00Z", "arrival_time": "2025-07-11T18:00:00Z", "crew": [6, 7, 8, 9, 10], "price_economy": 360, "price_business": 720, "rows_economy_from": 12, "luggage_price_1_kg": 5.5 } },
  { "model": "airport.flight", "pk": 3, "fields": { "route": 5, "airplane": 4, "departure_time": "2025-07-12T12:00:00Z", "arrival_time": "2025-07-12T13:30:00Z", "crew": [11, 12, 13], "price_economy": 150, "price_business": 300, "rows_economy_from": 8, "luggage_price_1_kg": 3.0 } },
  { "model": "airport.flight", "pk": 4, "fields": { "route": 7, "airplane": 3, "departure_time": "2025-07-15T22:00:00Z", "arrival_time": "2025-07-16T11:00:00Z", "crew": [19, 20, 21, 22, 23, 24], "price_economy": 800, "price_business": 1600, "rows_economy_from": 15, "luggage_price_1_kg": 8.0 } },
  { "model": "airport.flight", "pk": 5, "fields": { "route": 10, "airplane": 9, "departure_time": "2025-07-18T09:15:00Z", "arrival_time": "2025-07-18T10:45:00Z", "crew": [25, 26, 27], "price_economy": 120, "price_business": 250, "rows_economy_from": 7, "luggage_price_1_kg": 2.5 } },
  { "model": "airport.flight", "pk": 6, "fields": { "route": 13, "airplane": 6, "departure_time": "2025-07-20T14:30:00Z", "arrival_time": "2025-07-20T17:00:00Z", "crew": [1, 7, 8, 14, 15], "price_economy": 280, "price_business": 550, "rows_economy_from": 10, "luggage_price_1_kg": 4.0 } },
  { "model": "airport.flight", "pk": 7, "fields": { "route": 17, "airplane": 8, "departure_time": "2025-07-22T06:00:00Z", "arrival_time": "2025-07-22T11:00:00Z", "crew": [6, 2, 3, 16, 17], "price_economy": 600, "price_business": 1250, "rows_economy_from": 12, "luggage_price_1_kg": 7.0 } },
  { "model": "airport.flight", "pk": 8, "fields": { "route": 21, "airplane": 10, "departure_time": "2025-07-25T11:00:00Z", "arrival_time": "2025-07-25T13:30:00Z", "crew": [11, 20, 28, 29, 30], "price_economy": 450, "price_business": 950, "rows_economy_from": 16, "luggage_price_1_kg": 6.0 } },
  { "model": "airport.flight", "pk": 9, "fields": { "route": 27, "airplane": 7, "departure_time": "2025-07-28T19:00:00Z", "arrival_time": "2025-07-29T06:00:00Z", "crew": [19, 26, 8, 4, 18, 5, 9], "price_economy": 1500, "price_business": 3500, "rows_economy_from": 18, "luggage_price_1_kg": 10.0 } },
  { "model": "airport.flight", "pk": 10, "fields": { "route": 31, "airplane": 12, "departure_time": "2025-08-01T07:45:00Z", "arrival_time": "2025-08-01T09:45:00Z", "crew": [1, 7, 3, 15, 16], "price_economy": 220, "price_business": 480, "rows_economy_from": 11, "luggage_price_1_kg": 3.5 } },
  { "model": "airport.flight", "pk": 11, "fields": { "route": 37, "airplane": 15, "departure_time": "2025-08-03T23:00:00Z", "arrival_time": "2025-08-04T12:00:00Z", "crew": [6, 2, 8, 4, 14, 5, 10, 17], "price_economy": 1800, "price_business": 4000, "rows_economy_from": 20, "luggage_price_1_kg": 12.0 } },
  { "model": "airport.flight", "pk": 12, "fields": { "route": 41, "airplane": 13, "departure_time": "2025-08-05T13:15:00Z", "arrival_time": "2025-08-05T16:45:00Z", "crew": [11, 12, 21, 22, 23], "price_economy": 550, "price_business": 1150, "rows_economy_from": 15, "luggage_price_1_kg": 6.5 } },
  { "model": "airport.flight", "pk": 13, "fields": { "route": 43, "airplane": 4, "departure_time": "2025-08-08T10:00:00Z", "arrival_time": "2025-08-08T11:00:00Z", "crew": [25, 26, 27], "price_economy": 90, "price_business": 190, "rows_economy_from": 8, "luggage_price_1_kg": 2.0 } },
  { "model": "airport.flight", "pk": 14, "fields": { "route": 47, "airplane": 8, "departure_time": "2025-08-10T16:00:00Z", "arrival_time": "2025-08-11T00:00:00Z", "crew": [1, 20, 3, 14, 18], "price_economy": 750, "price_business": 1550, "rows_economy_from": 12, "luggage_price_1_kg": 7.5 } },
  { "model": "airport.flight", "pk": 15, "fields": { "route": 50, "airplane": 7, "departure_time": "2025-08-12T09:30:00Z", "arrival_time": "2025-08-13T01:30:00Z", "crew": [19, 7, 8, 4, 16, 5, 9, 29], "price_economy": 1600, "price_business": 3800, "rows_economy_from": 18, "luggage_price_1_kg": 11.0 } },
  { "model": "airport.flight", "pk": 16, "fields": { "route": 53, "airplane": 15, "departure_time": "2025-08-15T15:00:00Z", "arrival_time": "2025-08-16T04:00:00Z", "crew": [6, 12, 13, 14, 15, 16, 17, 18], "price_economy": 1900, "price_business": 4200, "rows_economy_from": 20, "luggage_price_1_kg": 12.5 } },
  { "model": "airport.flight", "pk": 17, "fields": { "route": 60, "airplane": 7, "departure_time": "2025-08-18T18:00:00Z", "arrival_time": "2025-08-19T09:00:00Z", "crew": [11, 2, 21, 22, 23, 24, 28, 30], "price_economy": 1700, "price_business": 3900, "rows_economy_from": 18, "luggage_price_1_kg": 11.5 } },
  { "model": "airport.flight", "pk": 18, "fields": { "route": 65, "airplane": 10, "departure_time": "2025-08-20T21:00:00Z", "arrival_time": "2025-08-21T01:00:00Z", "crew": [25, 7, 27, 28, 29], "price_economy": 650, "price_business": 1350, "rows_economy_from": 16, "luggage_price_1_kg": 7.0 } },
  { "model": "airport.flight", "pk": 19, "fields": { "route": 68, "airplane": 11, "departure_time": "2025-08-22T08:45:00Z", "arrival_time": "2025-08-22T11:45:00Z", "crew": [1, 2, 3, 4, 5], "price_economy": 250, "price_business": 500, "rows_economy_from": 10, "luggage_price_1_kg": 4.0 } },
  { "model": "airport.flight", "pk": 20, "fields": { "route": 70, "airplane": 14, "departure_time": "2025-08-25T10:30:00Z", "arrival_time": "2025-08-25T16:00:00Z", "crew": [6, 7, 8, 9, 10], "price_economy": 380, "price_business": 780, "rows_economy_from": 9, "luggage_price_1_kg": 5.0 } },
  { "model": "airport.flight", "pk": 21, "fields": { "route": 3, "airplane": 1, "departure_time": "2025-09-01T09:00:00Z", "arrival_time": "2025-09-01T17:00:00Z", "crew": [11, 12, 13, 14, 15], "price_economy": 400, "price_business": 800, "rows_economy_from": 11, "luggage_price_1_kg": 5.8 } },
  { "model": "airport.flight", "pk": 22, "fields": { "route": 4, "airplane": 2, "departure_time": "2025-09-02T11:00:00Z", "arrival_time": "2025-09-02T19:30:00Z", "crew": [19, 20, 21, 22, 23], "price_economy": 410, "price_business": 820, "rows_economy_from": 12, "luggage_price_1_kg": 5.9 } },
  { "model": "airport.flight", "pk": 23, "fields": { "route": 6, "airplane": 4, "departure_time": "2025-09-03T13:00:00Z", "arrival_time": "2025-09-03T14:30:00Z", "crew": [25, 26, 27], "price_economy": 160, "price_business": 320, "rows_economy_from": 8, "luggage_price_1_kg": 3.2 } },
  { "model": "airport.flight", "pk": 24, "fields": { "route": 8, "airplane": 3, "departure_time": "2025-09-05T23:00:00Z", "arrival_time": "2025-09-06T12:00:00Z", "crew": [1, 7, 8, 9, 10, 24], "price_economy": 850, "price_business": 1700, "rows_economy_from": 15, "luggage_price_1_kg": 8.5 } },
  { "model": "airport.flight", "pk": 25, "fields": { "route": 11, "airplane": 9, "departure_time": "2025-09-08T10:15:00Z", "arrival_time": "2025-09-08T11:45:00Z", "crew": [6, 2, 3], "price_economy": 130, "price_business": 270, "rows_economy_from": 7, "luggage_price_1_kg": 2.7 } },
  { "model": "airport.flight", "pk": 26, "fields": { "route": 14, "airplane": 6, "departure_time": "2025-09-10T15:30:00Z", "arrival_time": "2025-09-10T18:15:00Z", "crew": [11, 20, 13, 16, 17], "price_economy": 290, "price_business": 590, "rows_economy_from": 10, "luggage_price_1_kg": 4.1 } },
  { "model": "airport.flight", "pk": 27, "fields": { "route": 18, "airplane": 8, "departure_time": "2025-09-12T07:00:00Z", "arrival_time": "2025-09-12T12:30:00Z", "crew": [19, 7, 21, 18, 5], "price_economy": 620, "price_business": 1300, "rows_economy_from": 12, "luggage_price_1_kg": 7.2 } },
  { "model": "airport.flight", "pk": 28, "fields": { "route": 22, "airplane": 10, "departure_time": "2025-09-15T12:00:00Z", "arrival_time": "2025-09-15T14:45:00Z", "crew": [25, 26, 27, 28, 29, 30], "price_economy": 460, "price_business": 980, "rows_economy_from": 16, "luggage_price_1_kg": 6.1 } },
  { "model": "airport.flight", "pk": 29, "fields": { "route": 28, "airplane": 7, "departure_time": "2025-09-18T20:00:00Z", "arrival_time": "2025-09-19T07:30:00Z", "crew": [1, 12, 3, 4, 15, 9, 17], "price_economy": 1550, "price_business": 3600, "rows_economy_from": 18, "luggage_price_1_kg": 10.5 } },
  { "model": "airport.flight", "pk": 30, "fields": { "route": 32, "airplane": 12, "departure_time": "2025-09-21T08:45:00Z", "arrival_time": "2025-09-21T10:15:00Z", "crew": [6, 7, 8, 10, 16], "price_economy": 230, "price_business": 490, "rows_economy_from": 11, "luggage_price_1_kg": 3.8 } },
    { "model": "airport.order", "pk": 1, "fields": { "created_at": "2025-06-01T10:00:00Z", "user": 2, "total_price": "1273.70" } },
  { "model": "airport.order", "pk": 2, "fields": { "created_at": "2025-06-02T11:30:00Z", "user": 3, "total_price": "3639.98" } },
  { "model": "airport.order", "pk": 3, "fields": { "created_at": "2025-06-03T14:15:00Z", "user": 4, "total_price": "713.00" } },
  { "model": "airport.order", "pk": 4, "fields": { "created_at": "2025-06-04T16:00:00Z", "user": 5, "total_price": "4494.66" } },
  { "model": "airport.order", "pk": 5, "fields": { "created_at": "2025-06-05T09:45:00Z", "user": 6, "total_price": "7578.00" } },
  { "model": "airport.order", "pk": 6, "fields": { "created_at": "2025-06-06T12:00:00Z", "user": 7, "total_price": "360.49" } },
  { "model": "airport.order", "pk": 7, "fields": { "created_at": "2025-06-07T13:20:00Z", "user": 8, "total_price": "1298.69" } },
  { "model": "airport.order", "pk": 8, "fields": { "created_at": "2025-06-08T15:10:00Z", "user": 9, "total_price": "285.50" } },
  { "model": "airport.order", "pk": 9, "fields": { "created_at": "2025-06-09T17:05:00Z", "user": 10, "total_price": "6731.46" } },
  { "model": "airport.order", "pk": 10, "fields": { "created_at": "2025-06-10T18:55:00Z", "user": 2, "total_price": "209.00" } },
  { "model": "airport.order", "pk": 11, "fields": { "created_at": "2025-06-11T19:00:00Z", "user": 3, "total_price": "12613.98" } },
  { "model": "airport.order", "pk": 12, "fields": { "created_at": "2025-06-12T20:30:00Z", "user": 4, "total_price": "1373.60" } },
  { "model": "airport.order", "pk": 13, "fields": { "created_at": "2025-06-13T21:15:00Z", "user": 5, "total_price": "308.00" } },
  { "model": "airport.order", "pk": 14, "fields": { "created_at": "2025-06-14T22:00:00Z", "user": 6, "total_price": "1415.78" } },
  { "model": "airport.order", "pk": 15, "fields": { "created_at": "2025-06-15T10:45:00Z", "user": 7, "total_price": "4301.98" } },
  { "model": "airport.order", "pk": 16, "fields": { "created_at": "2025-06-16T11:00:00Z", "user": 8, "total_price": "8209.96" } },
  { "model": "airport.order", "pk": 17, "fields": { "created_at": "2025-06-17T14:30:00Z", "user": 9, "total_price": "12328.60" } },
  { "model": "airport.order", "pk": 18, "fields": { "created_at": "2025-06-18T16:15:00Z", "user": 10, "total_price": "1539.80" } },
  { "model": "airport.order", "pk": 19, "fields": { "created_at": "2025-06-19T17:00:00Z", "user": 2, "total_price": "581.50" } },
  { "model": "airport.order", "pk": 20, "fields": { "created_at": "2025-06-20T18:45:00Z", "user": 3, "total_price": "753.10" } },
  { "model": "airport.order", "pk": 21, "fields": { "created_at": "2025-06-21T09:00:00Z", "user": 4, "total_price": "1831.96" } },
  { "model": "airport.order", "pk": 22, "fields": { "created_at": "2025-06-22T10:30:00Z", "user": 5, "total_price": "1784.00" } },
  { "model": "airport.order", "pk": 23, "fields": { "created_at": "2025-06-23T11:15:00Z", "user": 6, "total_price": "225.20" } },
  { "model": "airport.order", "pk": 24, "fields": { "created_at": "2025-06-24T12:00:00Z", "user": 7, "total_price": "2073.98" } },
  { "model": "airport.order", "pk": 25, "fields": { "created_at": "2025-06-25T13:45:00Z", "user": 8, "total_price": "114.00" } },
  { "model": "airport.order", "pk": 26, "fields": { "created_at": "2025-06-26T14:00:00Z", "user": 9, "total_price": "447.08" } },
  { "model": "airport.order", "pk": 27, "fields": { "created_at": "2025-06-27T15:30:00Z", "user": 10, "total_price": "3415.00" } },
  { "model": "airport.order", "pk": 28, "fields": { "created_at": "2025-06-28T16:15:00Z", "user": 2, "total_price": "0.00" } },
  { "model": "airport.order", "pk": 29, "fields": { "created_at": "2025-06-29T17:00:00Z", "user": 3, "total_price": "7773.98" } },
  { "model": "airport.order", "pk": 30, "fields": { "created_at": "2025-06-30T18:45:00Z", "user": 4, "total_price": "481.50" } },

  { "model": "airport.ticket", "pk": 1, "fields": { "row": 12, "letter": "A", "discount": 0, "has_luggage": true, "luggage_weight": 15.0, "flight": 1, "order": 1, "price": "448.70", "meal_option": 1, "extra_entertainment_and_comfort": [], "snacks_and_drinks": [1, 7], "is_business": false, "discount_coupon": null } },
  { "model": "airport.ticket", "pk": 2, "fields": { "row": 5, "letter": "B", "discount": 0, "has_luggage": true, "luggage_weight": 20.0, "flight": 1, "order": 1, "price": "825.00", "meal_option": 6, "extra_entertainment_and_comfort": [], "snacks_and_drinks": [6], "is_business": true, "discount_coupon": null } },
  { "model": "airport.ticket", "pk": 3, "fields": { "row": 15, "letter": "C", "discount": 0, "has_luggage": false, "luggage_weight": 0.0, "flight": 1, "order": 20, "price": "350.00", "meal_option": 5, "extra_entertainment_and_comfort": [], "snacks_and_drinks": [], "is_business": false, "discount_coupon": null } },
  { "model": "airport.ticket", "pk": 4, "fields": { "row": 18, "letter": "D", "discount": 0, "has_luggage": true, "luggage_weight": 10.0, "flight": 1, "order": 20, "price": "403.10", "meal_option": 3, "extra_entertainment_and_comfort": [3, 4], "snacks_and_drinks": [3, 11], "is_business": false, "discount_coupon": 2 } },
  { "model": "airport.ticket", "pk": 5, "fields": { "row": 7, "letter": "E", "discount": 0, "has_luggage": true, "luggage_weight": 25.0, "flight": 1, "order": 7, "price": "862.99", "meal_option": 1, "extra_entertainment_and_comfort": [5], "snacks_and_drinks": [4], "is_business": true, "discount_coupon": null } },
  { "model": "airport.ticket", "pk": 6, "fields": { "row": 25, "letter": "F", "discount": 0, "has_luggage": false, "luggage_weight": 0.0, "flight": 1, "order": 7, "price": "435.70", "meal_option": 4, "extra_entertainment_and_comfort": [2], "snacks_and_drinks": [2, 8], "is_business": false, "discount_coupon": null } },
  { "model": "airport.ticket", "pk": 8, "fields": { "row": 10, "letter": "A", "discount": 0, "has_luggage": true, "luggage_weight": 12.0, "flight": 3, "order": 3, "price": "187.50", "meal_option": 5, "extra_entertainment_and_comfort": [], "snacks_and_drinks": [6], "is_business": false, "discount_coupon": null } },
  { "model": "airport.ticket", "pk": 9, "fields": { "row": 10, "letter": "B", "discount": 0, "has_luggage": true, "luggage_weight": 12.0, "flight": 3, "order": 3, "price": "187.50", "meal_option": 5, "extra_entertainment_and_comfort": [], "snacks_and_drinks": [6], "is_business": false, "discount_coupon": null } },
  { "model": "airport.ticket", "pk": 10, "fields": { "row": 5, "letter": "C", "discount": 0, "has_luggage": true, "luggage_weight": 18.0, "flight": 3, "order": 3, "price": "355.50", "meal_option": 5, "extra_entertainment_and_comfort": [], "snacks_and_drinks": [6], "is_business": true, "discount_coupon": null } },
  { "model": "airport.ticket", "pk": 11, "fields": { "row": 11, "letter": "D", "discount": 0, "has_luggage": false, "luggage_weight": 0.0, "flight": 3, "order": 6, "price": "173.99", "meal_option": 1, "extra_entertainment_and_comfort": [1], "snacks_and_drinks": [1], "is_business": false, "discount_coupon": null } },
  { "model": "airport.ticket", "pk": 12, "fields": { "row": 12, "letter": "A", "discount": 0, "has_luggage": false, "luggage_weight": 0.0, "flight": 3, "order": 6, "price": "186.50", "meal_option": 6, "extra_entertainment_and_comfort": [1], "snacks_and_drinks": [1], "is_business": false, "discount_coupon": null } },
  { "model": "airport.ticket", "pk": 13, "fields": { "row": 2, "letter": "A", "discount": 0, "has_luggage": true, "luggage_weight": 22.0, "flight": 4, "order": 2, "price": "1816.99", "meal_option": 2, "extra_entertainment_and_comfort": [1, 5], "snacks_and_drinks": [5, 13], "is_business": true, "discount_coupon": null } },
  { "model": "airport.ticket", "pk": 14, "fields": { "row": 2, "letter": "B", "discount": 0, "has_luggage": true, "luggage_weight": 23.0, "flight": 4, "order": 2, "price": "1822.99", "meal_option": 2, "extra_entertainment_and_comfort": [1, 5], "snacks_and_drinks": [5, 13], "is_business": true, "discount_coupon": null } },
  { "model": "airport.ticket", "pk": 15, "fields": { "row": 16, "letter": "H", "discount": 0, "has_luggage": true, "luggage_weight": 20.0, "flight": 4, "order": 4, "price": "985.99", "meal_option": 6, "extra_entertainment_and_comfort": [2, 3], "snacks_and_drinks": [7], "is_business": false, "discount_coupon": null } },
  { "model": "airport.ticket", "pk": 16, "fields": { "row": 16, "letter": "J", "discount": 0, "has_luggage": true, "luggage_weight": 20.0, "flight": 4, "order": 4, "price": "985.99", "meal_option": 6, "extra_entertainment_and_comfort": [2, 3], "snacks_and_drinks": [7], "is_business": false, "discount_coupon": null } },
  { "model": "airport.ticket", "pk": 17, "fields": { "row": 10, "letter": "K", "discount": 0, "has_luggage": true, "luggage_weight": 15.0, "flight": 4, "order": 4, "price": "1564.95", "meal_option": 7, "extra_entertainment_and_comfort": [4], "snacks_and_drinks": [12], "is_business": true, "discount_coupon": 1 } },
  { "model": "airport.ticket", "pk": 18, "fields": { "row": 20, "letter": "A", "discount": 15, "has_luggage": false, "luggage_weight": 0.0, "flight": 4, "order": 12, "price": "686.80", "meal_option": 3, "extra_entertainment_and_comfort": [], "snacks_and_drinks": [10], "is_business": false, "discount_coupon": null } },
  { "model": "airport.ticket", "pk": 19, "fields": { "row": 20, "letter": "B", "discount": 15, "has_luggage": false, "luggage_weight": 0.0, "flight": 4, "order": 12, "price": "686.80", "meal_option": 3, "extra_entertainment_and_comfort": [], "snacks_and_drinks": [10], "is_business": false, "discount_coupon": null } },
  { "model": "airport.ticket", "pk": 20, "fields": { "row": 40, "letter": "C", "discount": 0, "has_luggage": true, "luggage_weight": 25.0, "flight": 4, "order": 21, "price": "1075.98", "meal_option": 1, "extra_entertainment_and_comfort": [1, 2, 3, 4, 5], "snacks_and_drinks": [1, 2, 3, 4, 5, 6, 7, 8, 9, 10, 11, 12, 13], "is_business": false, "discount_coupon": null } },
  { "model": "airport.ticket", "pk": 21, "fields": { "row": 40, "letter": "H", "discount": 0, "has_luggage": true, "luggage_weight": 10.0, "flight": 4, "order": 21, "price": "955.98", "meal_option": 1, "extra_entertainment_and_comfort": [1, 2, 3, 4, 5], "snacks_and_drinks": [1, 2, 3, 4, 5, 6, 7, 8, 9, 10, 11, 12, 13], "is_business": false, "discount_coupon": null } },
  { "model": "airport.ticket", "pk": 22, "fields": { "row": 8, "letter": "A", "discount": 0, "has_luggage": false, "luggage_weight": 0.0, "flight": 5, "order": 8, "price": "120.00", "meal_option": 5, "extra_entertainment_and_comfort": [], "snacks_and_drinks": [], "is_business": false, "discount_coupon": null } },
  { "model": "airport.ticket", "pk": 23, "fields": { "row": 8, "letter": "B", "discount": 0, "has_luggage": true, "luggage_weight": 5.0, "flight": 5, "order": 8, "price": "140.50", "meal_option": 4, "extra_entertainment_and_comfort": [], "snacks_and_drinks": [8], "is_business": false, "discount_coupon": null } },
  { "model": "airport.ticket", "pk": 24, "fields": { "row": 4, "letter": "C", "discount": 0, "has_luggage": true, "luggage_weight": 15.0, "flight": 5, "order": 13, "price": "305.50", "meal_option": 1, "extra_entertainment_and_comfort": [3], "snacks_and_drinks": [11], "is_business": true, "discount_coupon": null } },
  { "model": "airport.ticket", "pk": 25, "fields": { "row": 20, "letter": "D", "discount": 5, "has_luggage": false, "luggage_weight": 0.0, "flight": 5, "order": 25, "price": "114.00", "meal_option": 5, "extra_entertainment_and_comfort": [], "snacks_and_drinks": [], "is_business": false, "discount_coupon": null } },
  { "model": "airport.ticket", "pk": 26, "fields": { "row": 5, "letter": "A", "discount": 0, "has_luggage": true, "luggage_weight": 25.0, "flight": 9, "order": 5, "price": "3769.00", "meal_option": 2, "extra_entertainment_and_comfort": [1, 5], "snacks_and_drinks": [13], "is_business": true, "discount_coupon": null } },
  { "model": "airport.ticket", "pk": 27, "fields": { "row": 5, "letter": "B", "discount": 0, "has_luggage": true, "luggage_weight": 25.0, "flight": 9, "order": 5, "price": "3769.00", "meal_option": 2, "extra_entertainment_and_comfort": [1, 5], "snacks_and_drinks": [13], "is_business": true, "discount_coupon": null } },
  { "model": "airport.ticket", "pk": 28, "fields": { "row": 19, "letter": "D", "discount": 0, "has_luggage": true, "luggage_weight": 20.0, "flight": 9, "order": 9, "price": "1721.49", "meal_option": 1, "extra_entertainment_and_comfort": [2], "snacks_and_drinks": [7], "is_business": false, "discount_coupon": null } },
  { "model": "airport.ticket", "pk": 29, "fields": { "row": 19, "letter": "E", "discount": 0, "has_luggage": true, "luggage_weight": 20.0, "flight": 9, "order": 9, "price": "1721.49", "meal_option": 1, "extra_entertainment_and_comfort": [2], "snacks_and_drinks": [7], "is_business": false, "discount_coupon": null } },
  { "model": "airport.ticket", "pk": 30, "fields": { "row": 19, "letter": "F", "discount": 0, "has_luggage": true, "luggage_weight": 10.0, "flight": 9, "order": 9, "price": "1621.49", "meal_option": 1, "extra_entertainment_and_comfort": [2], "snacks_and_drinks": [7], "is_business": false, "discount_coupon": null } },
  { "model": "airport.ticket", "pk": 31, "fields": { "row": 19, "letter": "G", "discount": 0, "has_luggage": true, "luggage_weight": 10.0, "flight": 9, "order": 9, "price": "1666.99", "meal_option": 6, "extra_entertainment_and_comfort": [2], "snacks_and_drinks": [7], "is_business": false, "discount_coupon": null } },
  { "model": "airport.ticket", "pk": 32, "fields": { "row": 30, "letter": "H", "discount": 0, "has_luggage": false, "luggage_weight": 0.0, "flight": 9, "order": 18, "price": "1369.80", "meal_option": 7, "extra_entertainment_and_comfort": [4, 5], "snacks_and_drinks": [3, 6], "is_business": false, "discount_coupon": 1 } },
  { "model": "airport.ticket", "pk": 33, "fields": { "row": 50, "letter": "K", "discount": 0, "has_luggage": true, "luggage_weight": 22.0, "flight": 9, "order": 22, "price": "1784.00", "meal_option": 6, "extra_entertainment_and_comfort": [1, 2, 3, 5], "snacks_and_drinks": [4, 5, 12], "is_business": false, "discount_coupon": null } },
  { "model": "airport.ticket", "pk": 34, "fields": { "row": 5, "letter": "A", "discount": 0, "has_luggage": true, "luggage_weight": 25.0, "flight": 11, "order": 11, "price": "4319.00", "meal_option": 2, "extra_entertainment_and_comfort": [1, 5], "snacks_and_drinks": [13], "is_business": true, "discount_coupon": null } },
  { "model": "airport.ticket", "pk": 35, "fields": { "row": 5, "letter": "B", "discount": 0, "has_luggage": true, "luggage_weight": 25.0, "flight": 11, "order": 11, "price": "4319.00", "meal_option": 2, "extra_entertainment_and_comfort": [1, 5], "snacks_and_drinks": [13], "is_business": true, "discount_coupon": null } },
  { "model": "airport.ticket", "pk": 36, "fields": { "row": 25, "letter": "D", "discount": 0, "has_luggage": true, "luggage_weight": 20.0, "flight": 11, "order": 16, "price": "2051.49", "meal_option": 1, "extra_entertainment_and_comfort": [2], "snacks_and_drinks": [7], "is_business": false, "discount_coupon": null } },
  { "model": "airport.ticket", "pk": 37, "fields": { "row": 25, "letter": "E", "discount": 0, "has_luggage": true, "luggage_weight": 20.0, "flight": 11, "order": 16, "price": "2051.49", "meal_option": 1, "extra_entertainment_and_comfort": [2], "snacks_and_drinks": [7], "is_business": false, "discount_coupon": null } },
  { "model": "airport.ticket", "pk": 38, "fields": { "row": 25, "letter": "F", "discount": 0, "has_luggage": true, "luggage_weight": 20.0, "flight": 11, "order": 16, "price": "2051.49", "meal_option": 1, "extra_entertainment_and_comfort": [2], "snacks_and_drinks": [7], "is_business": false, "discount_coupon": null } },
  { "model": "airport.ticket", "pk": 39, "fields": { "row": 25, "letter": "G", "discount": 0, "has_luggage": true, "luggage_weight": 20.0, "flight": 11, "order": 16, "price": "2051.49", "meal_option": 1, "extra_entertainment_and_comfort": [2], "snacks_and_drinks": [7], "is_business": false, "discount_coupon": null } },
  { "model": "airport.ticket", "pk": 40, "fields": { "row": 15, "letter": "H", "discount": 0, "has_luggage": false, "luggage_weight": 0.0, "flight": 11, "order": 17, "price": "3845.02", "meal_option": 7, "extra_entertainment_and_comfort": [4, 5], "snacks_and_drinks": [3, 6], "is_business": true, "discount_coupon": 2 } },
  { "model": "airport.ticket", "pk": 41, "fields": { "row": 15, "letter": "J", "discount": 0, "has_luggage": false, "luggage_weight": 0.0, "flight": 11, "order": 17, "price": "3845.02", "meal_option": 7, "extra_entertainment_and_comfort": [4, 5], "snacks_and_drinks": [3, 6], "is_business": true, "discount_coupon": 2 } },
  { "model": "airport.ticket", "pk": 42, "fields": { "row": 15, "letter": "K", "discount": 0, "has_luggage": false, "luggage_weight": 0.0, "flight": 11, "order": 17, "price": "3845.02", "meal_option": 7, "extra_entertainment_and_comfort": [4, 5], "snacks_and_drinks": [3, 6], "is_business": true, "discount_coupon": 2 } },
  { "model": "airport.ticket", "pk": 43, "fields": { "row": 55, "letter": "A", "discount": 0, "has_luggage": true, "luggage_weight": 5.0, "flight": 11, "order": 17, "price": "1736.52", "meal_option": 7, "extra_entertainment_and_comfort": [4, 5], "snacks_and_drinks": [3, 6], "is_business": false, "discount_coupon": 2 } },
  { "model": "airport.ticket", "pk": 44, "fields": { "row": 55, "letter": "B", "discount": 0, "has_luggage": true, "luggage_weight": 5.0, "flight": 11, "order": 17, "price": "1736.52", "meal_option": 7, "extra_entertainment_and_comfort": [4, 5], "snacks_and_drinks": [3, 6], "is_business": false, "discount_coupon": 2 } },
  { "model": "airport.ticket", "pk": 45, "fields": { "row": 55, "letter": "C", "discount": 0, "has_luggage": true, "luggage_weight": 5.0, "flight": 11, "order": 17, "price": "1736.52", "meal_option": 7, "extra_entertainment_and_comfort": [4, 5], "snacks_and_drinks": [3, 6], "is_business": false, "discount_coupon": 2 } },
  { "model": "airport.ticket", "pk": 46, "fields": { "row": 10, "letter": "A", "discount": 0, "has_luggage": false, "luggage_weight": 0.0, "flight": 13, "order": 10, "price": "90.00", "meal_option": 5, "extra_entertainment_and_comfort": [], "snacks_and_drinks": [], "is_business": false, "discount_coupon": null } },
  { "model": "airport.ticket", "pk": 47, "fields": { "row": 10, "letter": "B", "discount": 0, "has_luggage": true, "luggage_weight": 8.0, "flight": 13, "order": 10, "price": "100.70", "meal_option": 5, "extra_entertainment_and_comfort": [], "snacks_and_drinks": [], "is_business": false, "discount_coupon": 2 } },
  { "model": "airport.ticket", "pk": 48, "fields": { "row": 12, "letter": "C", "discount": 0, "has_luggage": true, "luggage_weight": 10.0, "flight": 13, "order": 23, "price": "118.20", "meal_option": 4, "extra_entertainment_and_comfort": [], "snacks_and_drinks": [1, 7], "is_business": false, "discount_coupon": null } },
  { "model": "airport.ticket", "pk": 49, "fields": { "row": 5, "letter": "A", "discount": 0, "has_luggage": true, "luggage_weight": 25.0, "flight": 15, "order": 15, "price": "4301.98", "meal_option": 2, "extra_entertainment_and_comfort": [1, 2, 3, 4, 5], "snacks_and_drinks": [1, 2, 3, 4, 5, 6, 7, 8, 9, 10, 11, 12, 13], "is_business": true, "discount_coupon": null } },
  { "model": "airport.ticket", "pk": 50, "fields": { "row": 25, "letter": "B", "discount": 0, "has_luggage": true, "luggage_weight": 22.0, "flight": 16, "order": 17, "price": "2188.50", "meal_option": 6, "extra_entertainment_and_comfort": [5], "snacks_and_drinks": [4], "is_business": false, "discount_coupon": null } },
  { "model": "airport.ticket", "pk": 51, "fields": { "row": 25, "letter": "C", "discount": 0, "has_luggage": true, "luggage_weight": 22.0, "flight": 16, "order": 17, "price": "2188.50", "meal_option": 6, "extra_entertainment_and_comfort": [5], "snacks_and_drinks": [4], "is_business": false, "discount_coupon": null } },
  { "model": "airport.ticket", "pk": 52, "fields": { "row": 10, "letter": "D", "discount": 0, "has_luggage": true, "luggage_weight": 25.0, "flight": 16, "order": 17, "price": "4125.75", "meal_option": 6, "extra_entertainment_and_comfort": [5], "snacks_and_drinks": [4], "is_business": true, "discount_coupon": 1 } },
  { "model": "airport.ticket", "pk": 53, "fields": { "row": 10, "letter": "E", "discount": 0, "has_luggage": true, "luggage_weight": 25.0, "flight": 16, "order": 17, "price": "4125.75", "meal_option": 6, "extra_entertainment_and_comfort": [5], "snacks_and_drinks": [4], "is_business": true, "discount_coupon": 1 } },
  { "model": "airport.ticket", "pk": 54, "fields": { "row": 10, "letter": "F", "discount": 0, "has_luggage": true, "luggage_weight": 25.0, "flight": 16, "order": 17, "price": "4125.75", "meal_option": 6, "extra_entertainment_and_comfort": [5], "snacks_and_drinks": [4], "is_business": true, "discount_coupon": 1 } },
  { "model": "airport.ticket", "pk": 55, "fields": { "row": 5, "letter": "C", "discount": 0, "has_luggage": true, "luggage_weight": 15.0, "flight": 19, "order": 19, "price": "581.50", "meal_option": 1, "extra_entertainment_and_comfort": [3], "snacks_and_drinks": [12], "is_business": true, "discount_coupon": null } },
  { "model": "airport.ticket", "pk": 56, "fields": { "row": 10, "letter": "D", "discount": 0, "has_luggage": true, "luggage_weight": 18.0, "flight": 20, "order": 30, "price": "481.50", "meal_option": 5, "extra_entertainment_and_comfort": [], "snacks_and_drinks": [6], "is_business": false, "discount_coupon": null } },
  { "model": "airport.ticket", "pk": 57, "fields": { "row": 30, "letter": "E", "discount": 0, "has_luggage": true, "luggage_weight": 20.0, "flight": 24, "order": 24, "price": "1036.99", "meal_option": 2, "extra_entertainment_and_comfort": [1, 5], "snacks_and_drinks": [5], "is_business": false, "discount_coupon": null } },
  { "model": "airport.ticket", "pk": 58, "fields": { "row": 30, "letter": "F", "discount": 0, "has_luggage": true, "luggage_weight": 20.0, "flight": 24, "order": 24, "price": "1036.99", "meal_option": 2, "extra_entertainment_and_comfort": [1, 5], "snacks_and_drinks": [5], "is_business": false, "discount_coupon": null } },
  { "model": "airport.ticket", "pk": 59, "fields": { "row": 18, "letter": "A", "discount": 5, "has_luggage": false, "luggage_weight": 0.0, "flight": 28, "order": 26, "price": "447.08", "meal_option": 3, "extra_entertainment_and_comfort": [], "snacks_and_drinks": [3], "is_business": false, "discount_coupon": null } },
  { "model": "airport.ticket", "pk": 60, "fields": { "row": 10, "letter": "H", "discount": 0, "has_luggage": true, "luggage_weight": 23.0, "flight": 29, "order": 29, "price": "3886.99", "meal_option": 6, "extra_entertainment_and_comfort": [1, 2, 5], "snacks_and_drinks": [13], "is_business": true, "discount_coupon": null } },
  { "model": "airport.ticket", "pk": 61, "fields": { "row": 10, "letter": "J", "discount": 0, "has_luggage": true, "luggage_weight": 23.0, "flight": 29, "order": 29, "price": "3886.99", "meal_option": 6, "extra_entertainment_and_comfort": [1, 2, 5], "snacks_and_drinks": [13], "is_business": true, "discount_coupon": null } },
  { "model": "airport.ticket", "pk": 62, "fields": { "row": 50, "letter": "K", "discount": 0, "has_luggage": true, "luggage_weight": 15.0, "flight": 29, "order": 27, "price": "1707.50", "meal_option": 5, "extra_entertainment_and_comfort": [], "snacks_and_drinks": [], "is_business": false, "discount_coupon": null } },
  { "model": "airport.ticket", "pk": 63, "fields": { "row": 50, "letter": "H", "discount": 0, "has_luggage": true, "luggage_weight": 15.0, "flight": 29, "order": 27, "price": "1707.50", "meal_option": 5, "extra_entertainment_and_comfort": [], "snacks_and_drinks": [], "is_business": false, "discount_coupon": null } }
]